review,label
Barang tidak berfungsi sama sekali begitu diterima.,negatif
"Sudah langganan di toko ini, kualitas selalu konsisten bagus.",positif
"Suka banget sama warnanya, sesuai ekspektasi.",positif
"Kualitas produk sangat memuaskan, akan order lagi.",positif
"Ukuran tidak sesuai, terlalu kecil dari yang dipesan.",negatif
"Fast respon, pengiriman cepat, barang aman sampai tujuan.",positif
"Produk palsu, bukan barang original seperti yang dijanjikan.",negatif
Komplain tidak ditanggapi sama sekali oleh penjual.,negatif
"Pengiriman lambat sekali, sudah dua minggu belum sampai.",negatif
"Sangat mengecewakan, uang saya seperti terbuang percuma.",negatif
"Puas banget belanja disini, proses cepat dan barang aman.",positif
"Ukuran dan warna berbeda dari pesanan, sangat kecewa.",negatif
"Belanja disini selalu puas, kualitas terjaga.",positif
"Tidak sesuai standar, banyak cacat pada produk yang diterima.",negatif
"Kualitas produk jelek, baru dipakai sekali sudah rusak.",negatif
"Produknya rapi dan bersih, tidak ada cacat sama sekali.",positif
Sudah bayar mahal tapi kualitas jauh dari ekspektasi.,negatif
"Bahan nyaman dipakai, ukuran pas, tidak mengecewakan.",positif
"Pelayanan ramah dan responsif, barang sampai lebih cepat dari estimasi.",positif
"Produk original dan berfungsi dengan baik, terima kasih!",positif
Pelayanan lambat dan tidak responsif saat dikomplain.,negatif
Warna produk berbeda jauh dari foto di listing.,negatif
"Sangat puas dengan pembelian ini, akan beli lagi di lain waktu.",positif
"Barangnya bagus banget, sesuai foto dan pengiriman cepat!",positif
"Pelayanan cepat tanggap, produk berkualitas tinggi.",positif
"Bahan murahan, tidak sesuai dengan harga yang dibayarkan.",negatif
